{"cameraMode":{"drawMode":0,"name":"Shaded","section":"Shading Mode"},"sceneLighting":true,"audioPlay":false,"sceneViewState":{"m_AlwaysRefresh":false,"showFog":true,"showSkybox":true,"showFlares":true,"showImageEffects":true,"showParticleSystems":true,"showVisualEffectGraphs":true,"m_FxEnabled":false},"in2DMode":false,"pivot":{"x":-4.115899562835693,"y":0.8941377997398377,"z":-5.317497730255127},"rotation":{"x":0.20078158378601075,"y":0.22118128836154939,"z":-0.04658493399620056,"w":0.9532228112220764},"size":0.10936624556779862,"orthographic":false}