{"cameraMode":{"drawMode":0,"name":"Shaded","section":"Shading Mode"},"sceneLighting":true,"audioPlay":false,"sceneViewState":{"m_AlwaysRefresh":false,"showFog":true,"showSkybox":true,"showFlares":true,"showImageEffects":true,"showParticleSystems":true,"showVisualEffectGraphs":true,"m_FxEnabled":false},"in2DMode":false,"pivot":{"x":-3.752953052520752,"y":1.0116432905197144,"z":-4.814558029174805},"rotation":{"x":0.4444837272167206,"y":0.15239982306957246,"z":-0.07703151553869248,"w":0.8793805837631226},"size":0.10936624556779862,"orthographic":false}