{"cameraMode":{"drawMode":0,"name":"Shaded","section":"Shading Mode"},"sceneLighting":false,"audioPlay":false,"sceneViewState":{"m_AlwaysRefresh":false,"showFog":true,"showSkybox":false,"showFlares":true,"showImageEffects":true,"showParticleSystems":true,"showVisualEffectGraphs":true,"m_FxEnabled":false},"in2DMode":false,"pivot":{"x":-2.6088531017303469,"y":0.39316561818122866,"z":-4.419915199279785},"rotation":{"x":0.4482828676700592,"y":-0.25805869698524477,"z":0.13685551285743714,"w":0.8448866605758667},"size":0.2642306983470917,"orthographic":false}